,Youtube Link
0, 
1,null
2,https://youtu.be/qJJPrvUcvTI
3,null
4,null
5,null
6,null
7,null
8,null
9,null
10,null
11,null
12,null
13,null
14,null
15,null
16,null
17,null
18,null
19,null
20,null
21,null
22,null
23,null
24,null
25,https://youtu.be/ADfikbN3DOw
26,null
27,null
28,null
29,null
30,null
31,https://youtu.be/RcEmaTVIE24
32,null
33,null
34,null
35,https://youtu.be/3LLZzi48iB8
36,https://youtu.be/3ANGTiPJkgE
37,null
38,https://youtu.be/oFFbKogYdfc
39,null
40,https://youtu.be/7LOyWyKgWT0
41,null
42,https://youtu.be/3ANGTiPJkgE
43,https://youtu.be/4iq-d2AmfRU
44,null
45,https://youtu.be/hHWkvEcDBO0
46,https://youtu.be/TwzhBdv9nf0
47,https://youtu.be/mDit5YiBAGw
48,https://youtu.be/3ANGTiPJkgE
49,https://youtu.be/3ANGTiPJkgE
50,https://youtu.be/WTTgbH85WFw
51,https://youtu.be/X-WZewDicig
52,https://youtu.be/X-WZewDicig
53,null
54,https://youtu.be/xu4f1QKTeUY
55,https://youtu.be/_kU50QtlI14
56,null
57,https://youtu.be/NmKMQZ443b0
58,null
59,https://youtu.be/IQU_6ORnGfQ
60,null
61,null
62,null
63,null
64,null
65,null
66,null
67,null
68,null
69,null
70,https://youtu.be/B5qe_DDd8KA
71,null
72,https://youtu.be/AmWKGX-4AI8
73,https://youtu.be/HlBGYxO8RaU
74,null
75,null
76,https://youtu.be/qs1OByL9ixs
77,https://youtu.be/B5qe_DDd8KA
78,https://youtu.be/HxtBIwfy0kM
79,null
80,null
81,https://youtu.be/xrfQAMwHysc
82,https://youtu.be/0EO08QEL0Q8
83,null
84,null
85,null
86,null
87,null
88,https://youtu.be/hia509mrzCE
89,https://youtu.be/HlBGYxO8RaU
90,https://youtu.be/hia509mrzCE
91,null
92,null
93,null
94,https://youtu.be/RvbUqf3Tb1s
95,https://youtu.be/zpKm8OxDBwE
96,https://youtu.be/HxtBIwfy0kM
97,null
98,https://youtu.be/B5qe_DDd8KA
99,null
